Designator,Footprint,Quantity,Value,LCSC Part #
"C1, C3",0402,2,C,C1525
"C10, C12, C13",0603,3,0.1uF,C108079
C14,0603,1,220pF,C1603
C8,0603,1,4.7uF,C19666
CR,0201,1,120,C25576
CRYSTAL,PinHeader_2x01_P1.27mm_Vertical,1,Crystal 8MHz,
"JST, JST2, JST3, JST4, JSTA, JSTB, JSTC",JST_ACH_BM04B-ACHSS-A-GAN-ETF_1x04-1MP_P1.20mm_Vertical,7,JST_ACH_BM04B-ACHSS-A-GAN-ETF_1x04-1MP_P1.20mm_Vertical,C160390
"LED1, LED2, LED3",1206,3,LED_1206_3216Metric,C14641
"P1_2, P1, P2, P3, P4, P5",0201,6,C_0201_0603Metric_Pad0.64x0.40mm_HandSolder,
PROG,PinHeader_1x04_P1.00mm_Vertical,1,PinHeader_1x04_P1.00mm_Vertical,
"R1, R10, R11, R12, R13, R14, R15, R16, R17, R18, R19, R2, R20, R21, R22, R23, R24, R25, R26, R27, R28, R29, R3, R30, R31, R32, R33, R34, R35, R36, R37, R38, R39, R4, R40, R41, R5, R6, R7",0201,39,R,C25100
R42,0201,1,4.7k,C394547
"R43, R44",0603,2,4.7k,C394547
R9,0201,1,R9,C25100
"RP4, RP5, RP6",RESPACK_4X0603,3,10K Pack,C840645
U1,SOT-353_SC-70-5,1,MCP9700Ax-ELT,C97546
"U10, U11, U9",TSSOP-16_4.4x5mm_P0.65mm,3,ADS7830,C161747
U12,InvenSense_QFN-24_4x4mm_P0.5mm,1,MPU-6050,
U2,DFN-8-1EP_3x3mm_P0.65mm_EP1.55x2.4mm,1,MCP2562-E-MF,C191416
U3,VQFN-20-1EP_3x3mm_P0.4mm_EP1.7x1.7mm,1,ATtiny1616-M,C507118
U4,SOT-23-5,1,AP2112K-3.3,C22365427
U5,SSOP-24_5.3x8.2mm_P0.65mm,1,CD74HC4067SM,C98457
U6,TSSOP-20_4.4x6.5mm_P0.65mm,1,MCP2515-xST,C15193
"U7, U8",SOT-23,2,DRV5055A1xDBZxQ1,C962987
