Designator,Mid X,Mid Y,Rotation,Layer
C1,211.04,-129.7275,90.0,top
C10,217.99,-103.4475,0.0,top
C12,229.115,-103.3975,0.0,top
C13,229.865,-105.6475,90.0,top
C14,218.64,-105.7725,90.0,top
C3,211.775,-106.0,90.0,top
C8,215.09,-109.7725,0.0,top
CR,220.2,-114.05,90.0,top
CRYSTAL,200.15,-104.19,90.0,top
JST,197.628044,-112.598574,240.0,top
JST2,179.016749,-112.506214,120.0,top
JST3,224.401558,-97.639295,0.0,top
JST4,214.61617,-144.116022,240.0,top
JSTA,206.463798,-139.751154,60.0,top
JSTB,187.068044,-108.696074,300.0,top
JSTC,223.74,-106.353224,180.0,top
LED1,215.975,-129.512436,60.0,top
LED2,191.225,-121.125,300.0,top
LED3,211.75,-103.75,180.0,top
P1_2,179.747055,-119.880135,60.0,top
P1,180.439875,-120.280135,60.0,top
P2,216.957582,-94.984798,300.0,top
P3,217.650402,-94.584798,300.0,top
P4,220.63702,-138.996598,180.0,top
P5,220.63702,-139.796598,180.0,top
PROG,202.25,-117.55,0.0,top
R1,196.775,-107.375,0.0,top
R10,190.8,-104.575,0.0,top
R11,228.465,-105.0775,90.0,top
R12,200.97,-136.375,0.0,top
R13,195.847466,-140.093406,60.0,top
R14,174.160739,-144.055918,60.0,top
R15,181.574008,-136.61576,60.0,top
R16,179.286525,-130.127797,60.0,top
R17,176.259954,-108.628271,60.0,top
R18,173.902902,-124.310806,60.0,top
R19,165.068082,-131.704862,60.0,top
R2,214.345,-118.3,0.0,top
R20,164.76329,-136.782778,60.0,top
R21,157.294044,-142.169891,60.0,top
R22,192.094991,-98.421527,300.0,top
R23,199.506718,-77.659015,300.0,top
R24,202.243449,-87.799173,300.0,top
R25,209.005932,-89.062136,300.0,top
R26,229.138353,-97.190812,300.0,top
R27,216.735405,-87.308277,300.0,top
R28,214.749375,-75.960071,300.0,top
R29,210.504167,-73.157155,300.0,top
R3,214.17,-119.65,0.0,top
R30,209.573413,-63.995042,300.0,top
R31,230.09202,-115.746598,180.0,top
R32,244.36702,-132.546598,180.0,top
R33,234.21702,-129.846598,180.0,top
R34,229.74202,-135.071598,180.0,top
R35,212.63617,-148.442448,180.0,top
R36,227.39617,-142.642448,180.0,top
R37,181.138609,-125.619894,60.0,top
R38,211.983848,-92.920039,300.0,top
R39,238.21702,-146.596598,180.0,top
R4,200.82,-131.55,0.0,top
R40,242.76702,-144.321598,180.0,top
R41,251.16702,-148.096598,180.0,top
R42,224.91202,-135.721598,180.0,top
R43,228.5525,-109.311971,60.0,top
R44,224.44,-115.2225,0.0,top
R5,194.645,-120.65,0.0,top
R6,205.575,-114.05,0.0,top
R7,215.705,-126.5,0.0,top
R9,198.85,-133.575,0.0,top
RP4,173.332502,-121.348768,240.0,top
RP5,219.585805,-88.295315,120.0,top
RP6,225.11617,-144.617448,0.0,top
U1,217.2,-116.1,180.0,top
U10,214.468287,-90.273212,210.0,top
U11,225.78702,-139.171598,90.0,top
U12,224.515,-111.8225,0.0,top
U2,217.4375,-112.525,270.0,top
U3,212.61,-114.655,0.0,top
U4,215.2775,-107.2225,180.0,top
U5,206.025,-126.0,0.0,top
U6,205.5875,-106.925,270.0,top
U7,197.45,-122.375,270.0,top
U8,211.8875,-132.5,180.0,top
U9,177.641222,-124.827546,330.0,top
